Payer,Amount (debit),,,,,,
Christmas Stewards of Inner Temple,72,,,,,,
Christmas Stewards of Inner Temple,360,,,,,,
Christmas Stewards of Inner Temple,60,,,,,,
Christmas Stewards of Inner Temple,60,,,,,,
Christmas Stewards of Inner Temple,18,,,,,,
Christmas Stewards of Inner Temple,2440,,,,,,
Christmas Stewards of Inner Temple,2400,,,,,,
Christmas Stewards of Inner Temple,480,,,,,,
Christmas Stewards of Inner Temple,2880,,,,,,
Christmas Stewards of Inner Temple,2640,,,,,,
Christmas Stewards of Inner Temple,1320,,,,,,
Christmas Stewards of Inner Temple,18,,,,,,
Christmas Stewards of Inner Temple,2540,,,,,,
Christmas Stewards of Inner Temple,6500,,,,,,
Christmas Stewards of Inner Temple,240,,,,,,
Christmas Stewards of Inner Temple,5502,,,,,,
Christmas Stewards of Inner Temple,312,,,,,,
Christmas Stewards of Inner Temple,5190,,,,,,
Christmas Stewards of Inner Temple,64,,,,,,
Christmas Stewards of Inner Temple,1884,,,,,,
Christmas Stewards of Inner Temple,5620,,,,,,
Christmas Stewards of Inner Temple,982,,,,,,
Christmas Stewards of Inner Temple,720,,,,,,
Christmas Stewards of Inner Temple,2264,,,,,,
Christmas Stewards of Inner Temple,2324,,,,,,
Christmas Stewards of Inner Temple,2364,,,,,,
Christmas Stewards of Inner Temple,1176,,,,,,
Christmas Stewards of Inner Temple,240,,,,,,
Christmas Stewards of Inner Temple,2348,,,,,,
Christmas Stewards of Inner Temple,2348,,,,,,
Christmas Stewards of Inner Temple,132,,,,,,
Christmas Stewards of Inner Temple,180,,,,,,
Christmas Stewards of Inner Temple,2104,,,,,,
Christmas Stewards of Inner Temple,1436,,,,,,
Christmas Stewards of Inner Temple,2440,,,,,,
Christmas Stewards of Inner Temple,88,,,,,,
Christmas Stewards of Inner Temple,2440,,,,,,
Christmas Stewards of Inner Temple,120,,,,,,
Christmas Stewards of Inner Temple,132,,,,,,
Christmas Stewards of Inner Temple,2442,,,,,,
Christmas Stewards of Inner Temple,36,,,,,,
Christmas Stewards of Inner Temple,1220,,,,,,
Christmas Stewards of Inner Temple,2440,,,,,,
Christmas Stewards of Inner Temple,2440,,,,,,
Christmas Stewards of Inner Temple,264,,,,,,
Christmas Stewards of Inner Temple,2440,,,,,,
Christmas Stewards of Inner Temple,1100,,,,,,
Christmas Stewards of Inner Temple,6,,,,,,
Christmas Stewards of Inner Temple,3040,,,,,,
Christmas Stewards of Inner Temple,192,,,,,,
Christmas Stewards of Inner Temple,2440,,,,,,
Christmas Stewards of Inner Temple,2440,,,,,,
Christmas Stewards of Inner Temple,2440,,,,,,
Christmas Stewards of Inner Temple,264,,,,,,
Christmas Stewards of Inner Temple,2440,,,,,,
Christmas Stewards of Inner Temple,2440,,,,,,
Christmas Stewards of Inner Temple,2148,,,,,,
Christmas Stewards of Inner Temple,2440,,,,,,
Christmas Stewards of Inner Temple,2440,,,,,,
Christmas Stewards of Inner Temple,2412,,,,,,
Christmas Stewards of Inner Temple,2452,,,,,,
Christmas Stewards of Inner Temple,2440,,,,,,
Christmas Stewards of Inner Temple,2440,,,,,,
Christmas Stewards of Inner Temple,2440,,,,,,
Christmas Stewards of Inner Temple,1220,,,,,,
Christmas Stewards of Inner Temple,60,,,,,,
Christmas Stewards of Inner Temple,2440,,,,,,
Christmas Stewards of Inner Temple,2440,,,,,,
Christmas Stewards of Inner Temple,2440,,,,,,
Christmas Stewards of Inner Temple,120,,,,,,
Christmas Stewards of Inner Temple,2440,,,,,,
Christmas Stewards of Inner Temple,240,,,,,,
Christmas Stewards of Inner Temple,2440,,,,,,
Christmas Stewards of Inner Temple,2440,,,,,,
Christmas Stewards of Inner Temple,2440,,,,,,
Christmas Stewards of Inner Temple,2080,,,,,,
Christmas Stewards of Inner Temple,60,,,,,,
Christmas Stewards of Inner Temple,1460,,,,,,
Christmas Stewards of Inner Temple,1920,,,,,,
Christmas Stewards of Inner Temple,1920,,,,,,
Christmas Stewards of Inner Temple,2440,,,,,,
Christmas Stewards of Inner Temple,60,,,,,,
Christmas Stewards of Inner Temple,2200,,,,,,
Christmas Stewards of Inner Temple,240,142834,,,,,
Inner Temple,24,,,,,,
Inner Temple,48,,,,,,
Inner Temple,24,,,,,,
Inner Temple,390,,,,,,
Inner Temple,24,,,,,,
Inner Temple,24,,,,,,
Inner Temple,24,,,,,,
Inner Temple,24,,,,,,
Inner Temple,120,,,,,,
Inner Temple,60,,,,,,
Inner Temple,24,,,,,,
Inner Temple,24,,,,,,
Inner Temple,24,,,,,,
Inner Temple,24,,,,,,
Inner Temple,24,,,,,,
Inner Temple,24,,,,,,
Inner Temple,240,,,,,,
Inner Temple,24,,,,,,
Inner Temple,24,,,,,,
Inner Temple,320,,,,,,
Inner Temple,24,,,,,,
Inner Temple,120,,,,,,
Inner Temple,120,,,,,,
Inner Temple,18,,,,,,
Inner Temple,120,,,,,,
Inner Temple,12,,,,,,
Inner Temple,100,,,,,,
Inner Temple,240,,,,,,
Inner Temple,240,,,,,,
Inner Temple,1200,,,,,,
Inner Temple,240,,,,,,
Inner Temple,30,,,,,,
Inner Temple,240,,,,,,
Inner Temple,1200,,,,,,
Inner Temple,24,,,,,,
Inner Temple,240,,,,,,
Inner Temple,1140,,,,,,
Inner Temple,240,,,,,,
Inner Temple,720,,,,,,
Inner Temple,1200,,,,,,
Inner Temple,1200,,,,,,
Inner Temple,240,,,,,,
Inner Temple,1200,,,,,,
Inner Temple,240,,,,,,
Inner Temple,240,,,,,,
Inner Temple,600,,,,,,
Inner Temple,480,,,,,,
Inner Temple,160,,,,,,
Inner Temple,1440,,,,,,
Inner Temple,240,,,,,,
Inner Temple,240,,,,,,
Inner Temple,1200,,,,,,
Inner Temple,160,,,,,,
Inner Temple,1600,,,,,,
Inner Temple,360,,,,,,
Inner Temple,240,,,,,,
Inner Temple,16800,,,,,,
Inner Temple,2400,,,,,,
Inner Temple,,,,,,,
Inner Temple,30,,,,,,
Inner Temple,1600,,,,,,
Inner Temple,240,,,,,,
Inner Temple,160,,,,,,
Inner Temple,1600,,,,,,
Inner Temple,240,,,,,,
Inner Temple,1440,,,,,,
Inner Temple,240,,,,,,
Inner Temple,1600,,,,,,
Inner Temple,240,,,,,,
Inner Temple,480,,,,,,
Inner Temple,1200,,,,,,
Inner Temple,240,,,,,,
Inner Temple,160,,,,,,
Inner Temple,1600,,,,,,
Inner Temple,240,,,,,,
Inner Temple,1600,,,,,,
Inner Temple,240,,,,,,
Inner Temple,160,,,,,,
Inner Temple,240,,,,,,
Inner Temple,9600,,,,,,
Inner Temple,600,,,,,,
Inner Temple,160,,,,,,
Inner Temple,160,,,,,,
Inner Temple,160,,,,,,
Inner Temple,480,,,,,,
Inner Temple,1680,,,,,,
Inner Temple,1680,,,,,,
Inner Temple,1680,,,,,,
Inner Temple,480,,,,,,
Inner Temple,160,,,,,,
Inner Temple,3360,,,,,,
Inner Temple,240,,,,,,
Inner Temple,160,,,,,,
Inner Temple,240,,,,,,
Inner Temple,3360,,,,,,
Inner Temple,640,,,,,,
Inner Temple,1680,,,,,,
Inner Temple,480,,,,,,
Inner Temple,160,,,,,,
Inner Temple,3360,,,,,,
Inner Temple,640,,,,,,
Inner Temple,160,,,,,,
Inner Temple,1680,,,,,,
Inner Temple,240,,,,,,
Inner Temple,1680,,,,,,
Inner Temple,640,,,,,,
Inner Temple,48,,,,,,
Inner Temple,1680,,,,,,
Inner Temple,480,,,,,,
Inner Temple,480,,,,,,
Inner Temple,160,,,,,,
Inner Temple,1680,,,,,,
Inner Temple,1680,,,,,,
Inner Temple,96,,,,,,
Inner Temple,1680,,,,,,
Inner Temple,1680,,,,,,
Inner Temple,480,,,,,,
Inner Temple,160,,,,,,
Inner Temple,1680,,,,,,
Inner Temple,160,,,,,,
Inner Temple,240,,,,,,
Inner Temple,480,,,,,,
Inner Temple,160,,,,,,
Inner Temple,1680,,,,,,
Inner Temple,240,,,,,,
Inner Temple,480,,,,,,
Inner Temple,1680,,,,,,
Inner Temple,480,,,,,,
Inner Temple,160,,,,,,
Inner Temple,3360,,,,,,
Inner Temple,48,,,,,,
Inner Temple,160,,,,,,
Inner Temple,480,,,,,,
Inner Temple,3360,,,,,,
Inner Temple,48,,,,,,
Inner Temple,48,,,,,,
Inner Temple,160,,,,,,
Inner Temple,480,,,,,,
Inner Temple,48,,,,,,
Inner Temple,1680,,,,,,
Inner Temple,96,,,,,,
Inner Temple,18,,,,,,
Inner Temple,18,,,,,,
Inner Temple,240,,,,,,
Inner Temple,660,,,,,,
Inner Temple,1032,,,,,,
Inner Temple,240,,,,,,
Inner Temple,240,,,,,,
Inner Temple,160,,,,,,
Inner Temple,480,,,,,,
Inner Temple,1680,,,,,,
Inner Temple,96,,,,,,
Inner Temple,160,,,,,,
Inner Temple,240,,,,,,
Inner Temple,1680,,,,,,
Inner Temple,48,,,,,,
Inner Temple,480,,,,,,
Inner Temple,240,,,,,,
Inner Temple,1680,,,,,,
Inner Temple,48,,,,,,
Inner Temple,160,,,,,,
Inner Temple,480,,,,,,
Inner Temple,4800,,,,,,
Inner Temple,96,,,,,,
Inner Temple,480,,,,,,
Inner Temple,96,,,,,,
Inner Temple,240,,,,,,
Inner Temple,2400,,,,,,
Inner Temple,480,,,,,Christmas Stewards of Inner Temple,142834
Inner Temple,96,133612,,,,Inner Temple,133612
